name,type,direction,description
feat_0000,float,,Feature 0 for the Ersilia Compound Embedding
feat_0001,float,,Feature 1 for the Ersilia Compound Embedding
feat_0002,float,,Feature 2 for the Ersilia Compound Embedding
feat_0003,float,,Feature 3 for the Ersilia Compound Embedding
feat_0004,float,,Feature 4 for the Ersilia Compound Embedding
feat_0005,float,,Feature 5 for the Ersilia Compound Embedding
feat_0006,float,,Feature 6 for the Ersilia Compound Embedding
feat_0007,float,,Feature 7 for the Ersilia Compound Embedding
feat_0008,float,,Feature 8 for the Ersilia Compound Embedding
feat_0009,float,,Feature 9 for the Ersilia Compound Embedding
feat_0010,float,,Feature 10 for the Ersilia Compound Embedding
feat_0011,float,,Feature 11 for the Ersilia Compound Embedding
feat_0012,float,,Feature 12 for the Ersilia Compound Embedding
feat_0013,float,,Feature 13 for the Ersilia Compound Embedding
feat_0014,float,,Feature 14 for the Ersilia Compound Embedding
feat_0015,float,,Feature 15 for the Ersilia Compound Embedding
feat_0016,float,,Feature 16 for the Ersilia Compound Embedding
feat_0017,float,,Feature 17 for the Ersilia Compound Embedding
feat_0018,float,,Feature 18 for the Ersilia Compound Embedding
feat_0019,float,,Feature 19 for the Ersilia Compound Embedding
feat_0020,float,,Feature 20 for the Ersilia Compound Embedding
feat_0021,float,,Feature 21 for the Ersilia Compound Embedding
feat_0022,float,,Feature 22 for the Ersilia Compound Embedding
feat_0023,float,,Feature 23 for the Ersilia Compound Embedding
feat_0024,float,,Feature 24 for the Ersilia Compound Embedding
feat_0025,float,,Feature 25 for the Ersilia Compound Embedding
feat_0026,float,,Feature 26 for the Ersilia Compound Embedding
feat_0027,float,,Feature 27 for the Ersilia Compound Embedding
feat_0028,float,,Feature 28 for the Ersilia Compound Embedding
feat_0029,float,,Feature 29 for the Ersilia Compound Embedding
feat_0030,float,,Feature 30 for the Ersilia Compound Embedding
feat_0031,float,,Feature 31 for the Ersilia Compound Embedding
feat_0032,float,,Feature 32 for the Ersilia Compound Embedding
feat_0033,float,,Feature 33 for the Ersilia Compound Embedding
feat_0034,float,,Feature 34 for the Ersilia Compound Embedding
feat_0035,float,,Feature 35 for the Ersilia Compound Embedding
feat_0036,float,,Feature 36 for the Ersilia Compound Embedding
feat_0037,float,,Feature 37 for the Ersilia Compound Embedding
feat_0038,float,,Feature 38 for the Ersilia Compound Embedding
feat_0039,float,,Feature 39 for the Ersilia Compound Embedding
feat_0040,float,,Feature 40 for the Ersilia Compound Embedding
feat_0041,float,,Feature 41 for the Ersilia Compound Embedding
feat_0042,float,,Feature 42 for the Ersilia Compound Embedding
feat_0043,float,,Feature 43 for the Ersilia Compound Embedding
feat_0044,float,,Feature 44 for the Ersilia Compound Embedding
feat_0045,float,,Feature 45 for the Ersilia Compound Embedding
feat_0046,float,,Feature 46 for the Ersilia Compound Embedding
feat_0047,float,,Feature 47 for the Ersilia Compound Embedding
feat_0048,float,,Feature 48 for the Ersilia Compound Embedding
feat_0049,float,,Feature 49 for the Ersilia Compound Embedding
feat_0050,float,,Feature 50 for the Ersilia Compound Embedding
feat_0051,float,,Feature 51 for the Ersilia Compound Embedding
feat_0052,float,,Feature 52 for the Ersilia Compound Embedding
feat_0053,float,,Feature 53 for the Ersilia Compound Embedding
feat_0054,float,,Feature 54 for the Ersilia Compound Embedding
feat_0055,float,,Feature 55 for the Ersilia Compound Embedding
feat_0056,float,,Feature 56 for the Ersilia Compound Embedding
feat_0057,float,,Feature 57 for the Ersilia Compound Embedding
feat_0058,float,,Feature 58 for the Ersilia Compound Embedding
feat_0059,float,,Feature 59 for the Ersilia Compound Embedding
feat_0060,float,,Feature 60 for the Ersilia Compound Embedding
feat_0061,float,,Feature 61 for the Ersilia Compound Embedding
feat_0062,float,,Feature 62 for the Ersilia Compound Embedding
feat_0063,float,,Feature 63 for the Ersilia Compound Embedding
feat_0064,float,,Feature 64 for the Ersilia Compound Embedding
feat_0065,float,,Feature 65 for the Ersilia Compound Embedding
feat_0066,float,,Feature 66 for the Ersilia Compound Embedding
feat_0067,float,,Feature 67 for the Ersilia Compound Embedding
feat_0068,float,,Feature 68 for the Ersilia Compound Embedding
feat_0069,float,,Feature 69 for the Ersilia Compound Embedding
feat_0070,float,,Feature 70 for the Ersilia Compound Embedding
feat_0071,float,,Feature 71 for the Ersilia Compound Embedding
feat_0072,float,,Feature 72 for the Ersilia Compound Embedding
feat_0073,float,,Feature 73 for the Ersilia Compound Embedding
feat_0074,float,,Feature 74 for the Ersilia Compound Embedding
feat_0075,float,,Feature 75 for the Ersilia Compound Embedding
feat_0076,float,,Feature 76 for the Ersilia Compound Embedding
feat_0077,float,,Feature 77 for the Ersilia Compound Embedding
feat_0078,float,,Feature 78 for the Ersilia Compound Embedding
feat_0079,float,,Feature 79 for the Ersilia Compound Embedding
feat_0080,float,,Feature 80 for the Ersilia Compound Embedding
feat_0081,float,,Feature 81 for the Ersilia Compound Embedding
feat_0082,float,,Feature 82 for the Ersilia Compound Embedding
feat_0083,float,,Feature 83 for the Ersilia Compound Embedding
feat_0084,float,,Feature 84 for the Ersilia Compound Embedding
feat_0085,float,,Feature 85 for the Ersilia Compound Embedding
feat_0086,float,,Feature 86 for the Ersilia Compound Embedding
feat_0087,float,,Feature 87 for the Ersilia Compound Embedding
feat_0088,float,,Feature 88 for the Ersilia Compound Embedding
feat_0089,float,,Feature 89 for the Ersilia Compound Embedding
feat_0090,float,,Feature 90 for the Ersilia Compound Embedding
feat_0091,float,,Feature 91 for the Ersilia Compound Embedding
feat_0092,float,,Feature 92 for the Ersilia Compound Embedding
feat_0093,float,,Feature 93 for the Ersilia Compound Embedding
feat_0094,float,,Feature 94 for the Ersilia Compound Embedding
feat_0095,float,,Feature 95 for the Ersilia Compound Embedding
feat_0096,float,,Feature 96 for the Ersilia Compound Embedding
feat_0097,float,,Feature 97 for the Ersilia Compound Embedding
feat_0098,float,,Feature 98 for the Ersilia Compound Embedding
feat_0099,float,,Feature 99 for the Ersilia Compound Embedding
feat_0100,float,,Feature 100 for the Ersilia Compound Embedding
feat_0101,float,,Feature 101 for the Ersilia Compound Embedding
feat_0102,float,,Feature 102 for the Ersilia Compound Embedding
feat_0103,float,,Feature 103 for the Ersilia Compound Embedding
feat_0104,float,,Feature 104 for the Ersilia Compound Embedding
feat_0105,float,,Feature 105 for the Ersilia Compound Embedding
feat_0106,float,,Feature 106 for the Ersilia Compound Embedding
feat_0107,float,,Feature 107 for the Ersilia Compound Embedding
feat_0108,float,,Feature 108 for the Ersilia Compound Embedding
feat_0109,float,,Feature 109 for the Ersilia Compound Embedding
feat_0110,float,,Feature 110 for the Ersilia Compound Embedding
feat_0111,float,,Feature 111 for the Ersilia Compound Embedding
feat_0112,float,,Feature 112 for the Ersilia Compound Embedding
feat_0113,float,,Feature 113 for the Ersilia Compound Embedding
feat_0114,float,,Feature 114 for the Ersilia Compound Embedding
feat_0115,float,,Feature 115 for the Ersilia Compound Embedding
feat_0116,float,,Feature 116 for the Ersilia Compound Embedding
feat_0117,float,,Feature 117 for the Ersilia Compound Embedding
feat_0118,float,,Feature 118 for the Ersilia Compound Embedding
feat_0119,float,,Feature 119 for the Ersilia Compound Embedding
feat_0120,float,,Feature 120 for the Ersilia Compound Embedding
feat_0121,float,,Feature 121 for the Ersilia Compound Embedding
feat_0122,float,,Feature 122 for the Ersilia Compound Embedding
feat_0123,float,,Feature 123 for the Ersilia Compound Embedding
feat_0124,float,,Feature 124 for the Ersilia Compound Embedding
feat_0125,float,,Feature 125 for the Ersilia Compound Embedding
feat_0126,float,,Feature 126 for the Ersilia Compound Embedding
feat_0127,float,,Feature 127 for the Ersilia Compound Embedding
feat_0128,float,,Feature 128 for the Ersilia Compound Embedding
feat_0129,float,,Feature 129 for the Ersilia Compound Embedding
feat_0130,float,,Feature 130 for the Ersilia Compound Embedding
feat_0131,float,,Feature 131 for the Ersilia Compound Embedding
feat_0132,float,,Feature 132 for the Ersilia Compound Embedding
feat_0133,float,,Feature 133 for the Ersilia Compound Embedding
feat_0134,float,,Feature 134 for the Ersilia Compound Embedding
feat_0135,float,,Feature 135 for the Ersilia Compound Embedding
feat_0136,float,,Feature 136 for the Ersilia Compound Embedding
feat_0137,float,,Feature 137 for the Ersilia Compound Embedding
feat_0138,float,,Feature 138 for the Ersilia Compound Embedding
feat_0139,float,,Feature 139 for the Ersilia Compound Embedding
feat_0140,float,,Feature 140 for the Ersilia Compound Embedding
feat_0141,float,,Feature 141 for the Ersilia Compound Embedding
feat_0142,float,,Feature 142 for the Ersilia Compound Embedding
feat_0143,float,,Feature 143 for the Ersilia Compound Embedding
feat_0144,float,,Feature 144 for the Ersilia Compound Embedding
feat_0145,float,,Feature 145 for the Ersilia Compound Embedding
feat_0146,float,,Feature 146 for the Ersilia Compound Embedding
feat_0147,float,,Feature 147 for the Ersilia Compound Embedding
feat_0148,float,,Feature 148 for the Ersilia Compound Embedding
feat_0149,float,,Feature 149 for the Ersilia Compound Embedding
feat_0150,float,,Feature 150 for the Ersilia Compound Embedding
feat_0151,float,,Feature 151 for the Ersilia Compound Embedding
feat_0152,float,,Feature 152 for the Ersilia Compound Embedding
feat_0153,float,,Feature 153 for the Ersilia Compound Embedding
feat_0154,float,,Feature 154 for the Ersilia Compound Embedding
feat_0155,float,,Feature 155 for the Ersilia Compound Embedding
feat_0156,float,,Feature 156 for the Ersilia Compound Embedding
feat_0157,float,,Feature 157 for the Ersilia Compound Embedding
feat_0158,float,,Feature 158 for the Ersilia Compound Embedding
feat_0159,float,,Feature 159 for the Ersilia Compound Embedding
feat_0160,float,,Feature 160 for the Ersilia Compound Embedding
feat_0161,float,,Feature 161 for the Ersilia Compound Embedding
feat_0162,float,,Feature 162 for the Ersilia Compound Embedding
feat_0163,float,,Feature 163 for the Ersilia Compound Embedding
feat_0164,float,,Feature 164 for the Ersilia Compound Embedding
feat_0165,float,,Feature 165 for the Ersilia Compound Embedding
feat_0166,float,,Feature 166 for the Ersilia Compound Embedding
feat_0167,float,,Feature 167 for the Ersilia Compound Embedding
feat_0168,float,,Feature 168 for the Ersilia Compound Embedding
feat_0169,float,,Feature 169 for the Ersilia Compound Embedding
feat_0170,float,,Feature 170 for the Ersilia Compound Embedding
feat_0171,float,,Feature 171 for the Ersilia Compound Embedding
feat_0172,float,,Feature 172 for the Ersilia Compound Embedding
feat_0173,float,,Feature 173 for the Ersilia Compound Embedding
feat_0174,float,,Feature 174 for the Ersilia Compound Embedding
feat_0175,float,,Feature 175 for the Ersilia Compound Embedding
feat_0176,float,,Feature 176 for the Ersilia Compound Embedding
feat_0177,float,,Feature 177 for the Ersilia Compound Embedding
feat_0178,float,,Feature 178 for the Ersilia Compound Embedding
feat_0179,float,,Feature 179 for the Ersilia Compound Embedding
feat_0180,float,,Feature 180 for the Ersilia Compound Embedding
feat_0181,float,,Feature 181 for the Ersilia Compound Embedding
feat_0182,float,,Feature 182 for the Ersilia Compound Embedding
feat_0183,float,,Feature 183 for the Ersilia Compound Embedding
feat_0184,float,,Feature 184 for the Ersilia Compound Embedding
feat_0185,float,,Feature 185 for the Ersilia Compound Embedding
feat_0186,float,,Feature 186 for the Ersilia Compound Embedding
feat_0187,float,,Feature 187 for the Ersilia Compound Embedding
feat_0188,float,,Feature 188 for the Ersilia Compound Embedding
feat_0189,float,,Feature 189 for the Ersilia Compound Embedding
feat_0190,float,,Feature 190 for the Ersilia Compound Embedding
feat_0191,float,,Feature 191 for the Ersilia Compound Embedding
feat_0192,float,,Feature 192 for the Ersilia Compound Embedding
feat_0193,float,,Feature 193 for the Ersilia Compound Embedding
feat_0194,float,,Feature 194 for the Ersilia Compound Embedding
feat_0195,float,,Feature 195 for the Ersilia Compound Embedding
feat_0196,float,,Feature 196 for the Ersilia Compound Embedding
feat_0197,float,,Feature 197 for the Ersilia Compound Embedding
feat_0198,float,,Feature 198 for the Ersilia Compound Embedding
feat_0199,float,,Feature 199 for the Ersilia Compound Embedding
feat_0200,float,,Feature 200 for the Ersilia Compound Embedding
feat_0201,float,,Feature 201 for the Ersilia Compound Embedding
feat_0202,float,,Feature 202 for the Ersilia Compound Embedding
feat_0203,float,,Feature 203 for the Ersilia Compound Embedding
feat_0204,float,,Feature 204 for the Ersilia Compound Embedding
feat_0205,float,,Feature 205 for the Ersilia Compound Embedding
feat_0206,float,,Feature 206 for the Ersilia Compound Embedding
feat_0207,float,,Feature 207 for the Ersilia Compound Embedding
feat_0208,float,,Feature 208 for the Ersilia Compound Embedding
feat_0209,float,,Feature 209 for the Ersilia Compound Embedding
feat_0210,float,,Feature 210 for the Ersilia Compound Embedding
feat_0211,float,,Feature 211 for the Ersilia Compound Embedding
feat_0212,float,,Feature 212 for the Ersilia Compound Embedding
feat_0213,float,,Feature 213 for the Ersilia Compound Embedding
feat_0214,float,,Feature 214 for the Ersilia Compound Embedding
feat_0215,float,,Feature 215 for the Ersilia Compound Embedding
feat_0216,float,,Feature 216 for the Ersilia Compound Embedding
feat_0217,float,,Feature 217 for the Ersilia Compound Embedding
feat_0218,float,,Feature 218 for the Ersilia Compound Embedding
feat_0219,float,,Feature 219 for the Ersilia Compound Embedding
feat_0220,float,,Feature 220 for the Ersilia Compound Embedding
feat_0221,float,,Feature 221 for the Ersilia Compound Embedding
feat_0222,float,,Feature 222 for the Ersilia Compound Embedding
feat_0223,float,,Feature 223 for the Ersilia Compound Embedding
feat_0224,float,,Feature 224 for the Ersilia Compound Embedding
feat_0225,float,,Feature 225 for the Ersilia Compound Embedding
feat_0226,float,,Feature 226 for the Ersilia Compound Embedding
feat_0227,float,,Feature 227 for the Ersilia Compound Embedding
feat_0228,float,,Feature 228 for the Ersilia Compound Embedding
feat_0229,float,,Feature 229 for the Ersilia Compound Embedding
feat_0230,float,,Feature 230 for the Ersilia Compound Embedding
feat_0231,float,,Feature 231 for the Ersilia Compound Embedding
feat_0232,float,,Feature 232 for the Ersilia Compound Embedding
feat_0233,float,,Feature 233 for the Ersilia Compound Embedding
feat_0234,float,,Feature 234 for the Ersilia Compound Embedding
feat_0235,float,,Feature 235 for the Ersilia Compound Embedding
feat_0236,float,,Feature 236 for the Ersilia Compound Embedding
feat_0237,float,,Feature 237 for the Ersilia Compound Embedding
feat_0238,float,,Feature 238 for the Ersilia Compound Embedding
feat_0239,float,,Feature 239 for the Ersilia Compound Embedding
feat_0240,float,,Feature 240 for the Ersilia Compound Embedding
feat_0241,float,,Feature 241 for the Ersilia Compound Embedding
feat_0242,float,,Feature 242 for the Ersilia Compound Embedding
feat_0243,float,,Feature 243 for the Ersilia Compound Embedding
feat_0244,float,,Feature 244 for the Ersilia Compound Embedding
feat_0245,float,,Feature 245 for the Ersilia Compound Embedding
feat_0246,float,,Feature 246 for the Ersilia Compound Embedding
feat_0247,float,,Feature 247 for the Ersilia Compound Embedding
feat_0248,float,,Feature 248 for the Ersilia Compound Embedding
feat_0249,float,,Feature 249 for the Ersilia Compound Embedding
feat_0250,float,,Feature 250 for the Ersilia Compound Embedding
feat_0251,float,,Feature 251 for the Ersilia Compound Embedding
feat_0252,float,,Feature 252 for the Ersilia Compound Embedding
feat_0253,float,,Feature 253 for the Ersilia Compound Embedding
feat_0254,float,,Feature 254 for the Ersilia Compound Embedding
feat_0255,float,,Feature 255 for the Ersilia Compound Embedding
feat_0256,float,,Feature 256 for the Ersilia Compound Embedding
feat_0257,float,,Feature 257 for the Ersilia Compound Embedding
feat_0258,float,,Feature 258 for the Ersilia Compound Embedding
feat_0259,float,,Feature 259 for the Ersilia Compound Embedding
feat_0260,float,,Feature 260 for the Ersilia Compound Embedding
feat_0261,float,,Feature 261 for the Ersilia Compound Embedding
feat_0262,float,,Feature 262 for the Ersilia Compound Embedding
feat_0263,float,,Feature 263 for the Ersilia Compound Embedding
feat_0264,float,,Feature 264 for the Ersilia Compound Embedding
feat_0265,float,,Feature 265 for the Ersilia Compound Embedding
feat_0266,float,,Feature 266 for the Ersilia Compound Embedding
feat_0267,float,,Feature 267 for the Ersilia Compound Embedding
feat_0268,float,,Feature 268 for the Ersilia Compound Embedding
feat_0269,float,,Feature 269 for the Ersilia Compound Embedding
feat_0270,float,,Feature 270 for the Ersilia Compound Embedding
feat_0271,float,,Feature 271 for the Ersilia Compound Embedding
feat_0272,float,,Feature 272 for the Ersilia Compound Embedding
feat_0273,float,,Feature 273 for the Ersilia Compound Embedding
feat_0274,float,,Feature 274 for the Ersilia Compound Embedding
feat_0275,float,,Feature 275 for the Ersilia Compound Embedding
feat_0276,float,,Feature 276 for the Ersilia Compound Embedding
feat_0277,float,,Feature 277 for the Ersilia Compound Embedding
feat_0278,float,,Feature 278 for the Ersilia Compound Embedding
feat_0279,float,,Feature 279 for the Ersilia Compound Embedding
feat_0280,float,,Feature 280 for the Ersilia Compound Embedding
feat_0281,float,,Feature 281 for the Ersilia Compound Embedding
feat_0282,float,,Feature 282 for the Ersilia Compound Embedding
feat_0283,float,,Feature 283 for the Ersilia Compound Embedding
feat_0284,float,,Feature 284 for the Ersilia Compound Embedding
feat_0285,float,,Feature 285 for the Ersilia Compound Embedding
feat_0286,float,,Feature 286 for the Ersilia Compound Embedding
feat_0287,float,,Feature 287 for the Ersilia Compound Embedding
feat_0288,float,,Feature 288 for the Ersilia Compound Embedding
feat_0289,float,,Feature 289 for the Ersilia Compound Embedding
feat_0290,float,,Feature 290 for the Ersilia Compound Embedding
feat_0291,float,,Feature 291 for the Ersilia Compound Embedding
feat_0292,float,,Feature 292 for the Ersilia Compound Embedding
feat_0293,float,,Feature 293 for the Ersilia Compound Embedding
feat_0294,float,,Feature 294 for the Ersilia Compound Embedding
feat_0295,float,,Feature 295 for the Ersilia Compound Embedding
feat_0296,float,,Feature 296 for the Ersilia Compound Embedding
feat_0297,float,,Feature 297 for the Ersilia Compound Embedding
feat_0298,float,,Feature 298 for the Ersilia Compound Embedding
feat_0299,float,,Feature 299 for the Ersilia Compound Embedding
feat_0300,float,,Feature 300 for the Ersilia Compound Embedding
feat_0301,float,,Feature 301 for the Ersilia Compound Embedding
feat_0302,float,,Feature 302 for the Ersilia Compound Embedding
feat_0303,float,,Feature 303 for the Ersilia Compound Embedding
feat_0304,float,,Feature 304 for the Ersilia Compound Embedding
feat_0305,float,,Feature 305 for the Ersilia Compound Embedding
feat_0306,float,,Feature 306 for the Ersilia Compound Embedding
feat_0307,float,,Feature 307 for the Ersilia Compound Embedding
feat_0308,float,,Feature 308 for the Ersilia Compound Embedding
feat_0309,float,,Feature 309 for the Ersilia Compound Embedding
feat_0310,float,,Feature 310 for the Ersilia Compound Embedding
feat_0311,float,,Feature 311 for the Ersilia Compound Embedding
feat_0312,float,,Feature 312 for the Ersilia Compound Embedding
feat_0313,float,,Feature 313 for the Ersilia Compound Embedding
feat_0314,float,,Feature 314 for the Ersilia Compound Embedding
feat_0315,float,,Feature 315 for the Ersilia Compound Embedding
feat_0316,float,,Feature 316 for the Ersilia Compound Embedding
feat_0317,float,,Feature 317 for the Ersilia Compound Embedding
feat_0318,float,,Feature 318 for the Ersilia Compound Embedding
feat_0319,float,,Feature 319 for the Ersilia Compound Embedding
feat_0320,float,,Feature 320 for the Ersilia Compound Embedding
feat_0321,float,,Feature 321 for the Ersilia Compound Embedding
feat_0322,float,,Feature 322 for the Ersilia Compound Embedding
feat_0323,float,,Feature 323 for the Ersilia Compound Embedding
feat_0324,float,,Feature 324 for the Ersilia Compound Embedding
feat_0325,float,,Feature 325 for the Ersilia Compound Embedding
feat_0326,float,,Feature 326 for the Ersilia Compound Embedding
feat_0327,float,,Feature 327 for the Ersilia Compound Embedding
feat_0328,float,,Feature 328 for the Ersilia Compound Embedding
feat_0329,float,,Feature 329 for the Ersilia Compound Embedding
feat_0330,float,,Feature 330 for the Ersilia Compound Embedding
feat_0331,float,,Feature 331 for the Ersilia Compound Embedding
feat_0332,float,,Feature 332 for the Ersilia Compound Embedding
feat_0333,float,,Feature 333 for the Ersilia Compound Embedding
feat_0334,float,,Feature 334 for the Ersilia Compound Embedding
feat_0335,float,,Feature 335 for the Ersilia Compound Embedding
feat_0336,float,,Feature 336 for the Ersilia Compound Embedding
feat_0337,float,,Feature 337 for the Ersilia Compound Embedding
feat_0338,float,,Feature 338 for the Ersilia Compound Embedding
feat_0339,float,,Feature 339 for the Ersilia Compound Embedding
feat_0340,float,,Feature 340 for the Ersilia Compound Embedding
feat_0341,float,,Feature 341 for the Ersilia Compound Embedding
feat_0342,float,,Feature 342 for the Ersilia Compound Embedding
feat_0343,float,,Feature 343 for the Ersilia Compound Embedding
feat_0344,float,,Feature 344 for the Ersilia Compound Embedding
feat_0345,float,,Feature 345 for the Ersilia Compound Embedding
feat_0346,float,,Feature 346 for the Ersilia Compound Embedding
feat_0347,float,,Feature 347 for the Ersilia Compound Embedding
feat_0348,float,,Feature 348 for the Ersilia Compound Embedding
feat_0349,float,,Feature 349 for the Ersilia Compound Embedding
feat_0350,float,,Feature 350 for the Ersilia Compound Embedding
feat_0351,float,,Feature 351 for the Ersilia Compound Embedding
feat_0352,float,,Feature 352 for the Ersilia Compound Embedding
feat_0353,float,,Feature 353 for the Ersilia Compound Embedding
feat_0354,float,,Feature 354 for the Ersilia Compound Embedding
feat_0355,float,,Feature 355 for the Ersilia Compound Embedding
feat_0356,float,,Feature 356 for the Ersilia Compound Embedding
feat_0357,float,,Feature 357 for the Ersilia Compound Embedding
feat_0358,float,,Feature 358 for the Ersilia Compound Embedding
feat_0359,float,,Feature 359 for the Ersilia Compound Embedding
feat_0360,float,,Feature 360 for the Ersilia Compound Embedding
feat_0361,float,,Feature 361 for the Ersilia Compound Embedding
feat_0362,float,,Feature 362 for the Ersilia Compound Embedding
feat_0363,float,,Feature 363 for the Ersilia Compound Embedding
feat_0364,float,,Feature 364 for the Ersilia Compound Embedding
feat_0365,float,,Feature 365 for the Ersilia Compound Embedding
feat_0366,float,,Feature 366 for the Ersilia Compound Embedding
feat_0367,float,,Feature 367 for the Ersilia Compound Embedding
feat_0368,float,,Feature 368 for the Ersilia Compound Embedding
feat_0369,float,,Feature 369 for the Ersilia Compound Embedding
feat_0370,float,,Feature 370 for the Ersilia Compound Embedding
feat_0371,float,,Feature 371 for the Ersilia Compound Embedding
feat_0372,float,,Feature 372 for the Ersilia Compound Embedding
feat_0373,float,,Feature 373 for the Ersilia Compound Embedding
feat_0374,float,,Feature 374 for the Ersilia Compound Embedding
feat_0375,float,,Feature 375 for the Ersilia Compound Embedding
feat_0376,float,,Feature 376 for the Ersilia Compound Embedding
feat_0377,float,,Feature 377 for the Ersilia Compound Embedding
feat_0378,float,,Feature 378 for the Ersilia Compound Embedding
feat_0379,float,,Feature 379 for the Ersilia Compound Embedding
feat_0380,float,,Feature 380 for the Ersilia Compound Embedding
feat_0381,float,,Feature 381 for the Ersilia Compound Embedding
feat_0382,float,,Feature 382 for the Ersilia Compound Embedding
feat_0383,float,,Feature 383 for the Ersilia Compound Embedding
feat_0384,float,,Feature 384 for the Ersilia Compound Embedding
feat_0385,float,,Feature 385 for the Ersilia Compound Embedding
feat_0386,float,,Feature 386 for the Ersilia Compound Embedding
feat_0387,float,,Feature 387 for the Ersilia Compound Embedding
feat_0388,float,,Feature 388 for the Ersilia Compound Embedding
feat_0389,float,,Feature 389 for the Ersilia Compound Embedding
feat_0390,float,,Feature 390 for the Ersilia Compound Embedding
feat_0391,float,,Feature 391 for the Ersilia Compound Embedding
feat_0392,float,,Feature 392 for the Ersilia Compound Embedding
feat_0393,float,,Feature 393 for the Ersilia Compound Embedding
feat_0394,float,,Feature 394 for the Ersilia Compound Embedding
feat_0395,float,,Feature 395 for the Ersilia Compound Embedding
feat_0396,float,,Feature 396 for the Ersilia Compound Embedding
feat_0397,float,,Feature 397 for the Ersilia Compound Embedding
feat_0398,float,,Feature 398 for the Ersilia Compound Embedding
feat_0399,float,,Feature 399 for the Ersilia Compound Embedding
feat_0400,float,,Feature 400 for the Ersilia Compound Embedding
feat_0401,float,,Feature 401 for the Ersilia Compound Embedding
feat_0402,float,,Feature 402 for the Ersilia Compound Embedding
feat_0403,float,,Feature 403 for the Ersilia Compound Embedding
feat_0404,float,,Feature 404 for the Ersilia Compound Embedding
feat_0405,float,,Feature 405 for the Ersilia Compound Embedding
feat_0406,float,,Feature 406 for the Ersilia Compound Embedding
feat_0407,float,,Feature 407 for the Ersilia Compound Embedding
feat_0408,float,,Feature 408 for the Ersilia Compound Embedding
feat_0409,float,,Feature 409 for the Ersilia Compound Embedding
feat_0410,float,,Feature 410 for the Ersilia Compound Embedding
feat_0411,float,,Feature 411 for the Ersilia Compound Embedding
feat_0412,float,,Feature 412 for the Ersilia Compound Embedding
feat_0413,float,,Feature 413 for the Ersilia Compound Embedding
feat_0414,float,,Feature 414 for the Ersilia Compound Embedding
feat_0415,float,,Feature 415 for the Ersilia Compound Embedding
feat_0416,float,,Feature 416 for the Ersilia Compound Embedding
feat_0417,float,,Feature 417 for the Ersilia Compound Embedding
feat_0418,float,,Feature 418 for the Ersilia Compound Embedding
feat_0419,float,,Feature 419 for the Ersilia Compound Embedding
feat_0420,float,,Feature 420 for the Ersilia Compound Embedding
feat_0421,float,,Feature 421 for the Ersilia Compound Embedding
feat_0422,float,,Feature 422 for the Ersilia Compound Embedding
feat_0423,float,,Feature 423 for the Ersilia Compound Embedding
feat_0424,float,,Feature 424 for the Ersilia Compound Embedding
feat_0425,float,,Feature 425 for the Ersilia Compound Embedding
feat_0426,float,,Feature 426 for the Ersilia Compound Embedding
feat_0427,float,,Feature 427 for the Ersilia Compound Embedding
feat_0428,float,,Feature 428 for the Ersilia Compound Embedding
feat_0429,float,,Feature 429 for the Ersilia Compound Embedding
feat_0430,float,,Feature 430 for the Ersilia Compound Embedding
feat_0431,float,,Feature 431 for the Ersilia Compound Embedding
feat_0432,float,,Feature 432 for the Ersilia Compound Embedding
feat_0433,float,,Feature 433 for the Ersilia Compound Embedding
feat_0434,float,,Feature 434 for the Ersilia Compound Embedding
feat_0435,float,,Feature 435 for the Ersilia Compound Embedding
feat_0436,float,,Feature 436 for the Ersilia Compound Embedding
feat_0437,float,,Feature 437 for the Ersilia Compound Embedding
feat_0438,float,,Feature 438 for the Ersilia Compound Embedding
feat_0439,float,,Feature 439 for the Ersilia Compound Embedding
feat_0440,float,,Feature 440 for the Ersilia Compound Embedding
feat_0441,float,,Feature 441 for the Ersilia Compound Embedding
feat_0442,float,,Feature 442 for the Ersilia Compound Embedding
feat_0443,float,,Feature 443 for the Ersilia Compound Embedding
feat_0444,float,,Feature 444 for the Ersilia Compound Embedding
feat_0445,float,,Feature 445 for the Ersilia Compound Embedding
feat_0446,float,,Feature 446 for the Ersilia Compound Embedding
feat_0447,float,,Feature 447 for the Ersilia Compound Embedding
feat_0448,float,,Feature 448 for the Ersilia Compound Embedding
feat_0449,float,,Feature 449 for the Ersilia Compound Embedding
feat_0450,float,,Feature 450 for the Ersilia Compound Embedding
feat_0451,float,,Feature 451 for the Ersilia Compound Embedding
feat_0452,float,,Feature 452 for the Ersilia Compound Embedding
feat_0453,float,,Feature 453 for the Ersilia Compound Embedding
feat_0454,float,,Feature 454 for the Ersilia Compound Embedding
feat_0455,float,,Feature 455 for the Ersilia Compound Embedding
feat_0456,float,,Feature 456 for the Ersilia Compound Embedding
feat_0457,float,,Feature 457 for the Ersilia Compound Embedding
feat_0458,float,,Feature 458 for the Ersilia Compound Embedding
feat_0459,float,,Feature 459 for the Ersilia Compound Embedding
feat_0460,float,,Feature 460 for the Ersilia Compound Embedding
feat_0461,float,,Feature 461 for the Ersilia Compound Embedding
feat_0462,float,,Feature 462 for the Ersilia Compound Embedding
feat_0463,float,,Feature 463 for the Ersilia Compound Embedding
feat_0464,float,,Feature 464 for the Ersilia Compound Embedding
feat_0465,float,,Feature 465 for the Ersilia Compound Embedding
feat_0466,float,,Feature 466 for the Ersilia Compound Embedding
feat_0467,float,,Feature 467 for the Ersilia Compound Embedding
feat_0468,float,,Feature 468 for the Ersilia Compound Embedding
feat_0469,float,,Feature 469 for the Ersilia Compound Embedding
feat_0470,float,,Feature 470 for the Ersilia Compound Embedding
feat_0471,float,,Feature 471 for the Ersilia Compound Embedding
feat_0472,float,,Feature 472 for the Ersilia Compound Embedding
feat_0473,float,,Feature 473 for the Ersilia Compound Embedding
feat_0474,float,,Feature 474 for the Ersilia Compound Embedding
feat_0475,float,,Feature 475 for the Ersilia Compound Embedding
feat_0476,float,,Feature 476 for the Ersilia Compound Embedding
feat_0477,float,,Feature 477 for the Ersilia Compound Embedding
feat_0478,float,,Feature 478 for the Ersilia Compound Embedding
feat_0479,float,,Feature 479 for the Ersilia Compound Embedding
feat_0480,float,,Feature 480 for the Ersilia Compound Embedding
feat_0481,float,,Feature 481 for the Ersilia Compound Embedding
feat_0482,float,,Feature 482 for the Ersilia Compound Embedding
feat_0483,float,,Feature 483 for the Ersilia Compound Embedding
feat_0484,float,,Feature 484 for the Ersilia Compound Embedding
feat_0485,float,,Feature 485 for the Ersilia Compound Embedding
feat_0486,float,,Feature 486 for the Ersilia Compound Embedding
feat_0487,float,,Feature 487 for the Ersilia Compound Embedding
feat_0488,float,,Feature 488 for the Ersilia Compound Embedding
feat_0489,float,,Feature 489 for the Ersilia Compound Embedding
feat_0490,float,,Feature 490 for the Ersilia Compound Embedding
feat_0491,float,,Feature 491 for the Ersilia Compound Embedding
feat_0492,float,,Feature 492 for the Ersilia Compound Embedding
feat_0493,float,,Feature 493 for the Ersilia Compound Embedding
feat_0494,float,,Feature 494 for the Ersilia Compound Embedding
feat_0495,float,,Feature 495 for the Ersilia Compound Embedding
feat_0496,float,,Feature 496 for the Ersilia Compound Embedding
feat_0497,float,,Feature 497 for the Ersilia Compound Embedding
feat_0498,float,,Feature 498 for the Ersilia Compound Embedding
feat_0499,float,,Feature 499 for the Ersilia Compound Embedding
feat_0500,float,,Feature 500 for the Ersilia Compound Embedding
feat_0501,float,,Feature 501 for the Ersilia Compound Embedding
feat_0502,float,,Feature 502 for the Ersilia Compound Embedding
feat_0503,float,,Feature 503 for the Ersilia Compound Embedding
feat_0504,float,,Feature 504 for the Ersilia Compound Embedding
feat_0505,float,,Feature 505 for the Ersilia Compound Embedding
feat_0506,float,,Feature 506 for the Ersilia Compound Embedding
feat_0507,float,,Feature 507 for the Ersilia Compound Embedding
feat_0508,float,,Feature 508 for the Ersilia Compound Embedding
feat_0509,float,,Feature 509 for the Ersilia Compound Embedding
feat_0510,float,,Feature 510 for the Ersilia Compound Embedding
feat_0511,float,,Feature 511 for the Ersilia Compound Embedding
feat_0512,float,,Feature 512 for the Ersilia Compound Embedding
feat_0513,float,,Feature 513 for the Ersilia Compound Embedding
feat_0514,float,,Feature 514 for the Ersilia Compound Embedding
feat_0515,float,,Feature 515 for the Ersilia Compound Embedding
feat_0516,float,,Feature 516 for the Ersilia Compound Embedding
feat_0517,float,,Feature 517 for the Ersilia Compound Embedding
feat_0518,float,,Feature 518 for the Ersilia Compound Embedding
feat_0519,float,,Feature 519 for the Ersilia Compound Embedding
feat_0520,float,,Feature 520 for the Ersilia Compound Embedding
feat_0521,float,,Feature 521 for the Ersilia Compound Embedding
feat_0522,float,,Feature 522 for the Ersilia Compound Embedding
feat_0523,float,,Feature 523 for the Ersilia Compound Embedding
feat_0524,float,,Feature 524 for the Ersilia Compound Embedding
feat_0525,float,,Feature 525 for the Ersilia Compound Embedding
feat_0526,float,,Feature 526 for the Ersilia Compound Embedding
feat_0527,float,,Feature 527 for the Ersilia Compound Embedding
feat_0528,float,,Feature 528 for the Ersilia Compound Embedding
feat_0529,float,,Feature 529 for the Ersilia Compound Embedding
feat_0530,float,,Feature 530 for the Ersilia Compound Embedding
feat_0531,float,,Feature 531 for the Ersilia Compound Embedding
feat_0532,float,,Feature 532 for the Ersilia Compound Embedding
feat_0533,float,,Feature 533 for the Ersilia Compound Embedding
feat_0534,float,,Feature 534 for the Ersilia Compound Embedding
feat_0535,float,,Feature 535 for the Ersilia Compound Embedding
feat_0536,float,,Feature 536 for the Ersilia Compound Embedding
feat_0537,float,,Feature 537 for the Ersilia Compound Embedding
feat_0538,float,,Feature 538 for the Ersilia Compound Embedding
feat_0539,float,,Feature 539 for the Ersilia Compound Embedding
feat_0540,float,,Feature 540 for the Ersilia Compound Embedding
feat_0541,float,,Feature 541 for the Ersilia Compound Embedding
feat_0542,float,,Feature 542 for the Ersilia Compound Embedding
feat_0543,float,,Feature 543 for the Ersilia Compound Embedding
feat_0544,float,,Feature 544 for the Ersilia Compound Embedding
feat_0545,float,,Feature 545 for the Ersilia Compound Embedding
feat_0546,float,,Feature 546 for the Ersilia Compound Embedding
feat_0547,float,,Feature 547 for the Ersilia Compound Embedding
feat_0548,float,,Feature 548 for the Ersilia Compound Embedding
feat_0549,float,,Feature 549 for the Ersilia Compound Embedding
feat_0550,float,,Feature 550 for the Ersilia Compound Embedding
feat_0551,float,,Feature 551 for the Ersilia Compound Embedding
feat_0552,float,,Feature 552 for the Ersilia Compound Embedding
feat_0553,float,,Feature 553 for the Ersilia Compound Embedding
feat_0554,float,,Feature 554 for the Ersilia Compound Embedding
feat_0555,float,,Feature 555 for the Ersilia Compound Embedding
feat_0556,float,,Feature 556 for the Ersilia Compound Embedding
feat_0557,float,,Feature 557 for the Ersilia Compound Embedding
feat_0558,float,,Feature 558 for the Ersilia Compound Embedding
feat_0559,float,,Feature 559 for the Ersilia Compound Embedding
feat_0560,float,,Feature 560 for the Ersilia Compound Embedding
feat_0561,float,,Feature 561 for the Ersilia Compound Embedding
feat_0562,float,,Feature 562 for the Ersilia Compound Embedding
feat_0563,float,,Feature 563 for the Ersilia Compound Embedding
feat_0564,float,,Feature 564 for the Ersilia Compound Embedding
feat_0565,float,,Feature 565 for the Ersilia Compound Embedding
feat_0566,float,,Feature 566 for the Ersilia Compound Embedding
feat_0567,float,,Feature 567 for the Ersilia Compound Embedding
feat_0568,float,,Feature 568 for the Ersilia Compound Embedding
feat_0569,float,,Feature 569 for the Ersilia Compound Embedding
feat_0570,float,,Feature 570 for the Ersilia Compound Embedding
feat_0571,float,,Feature 571 for the Ersilia Compound Embedding
feat_0572,float,,Feature 572 for the Ersilia Compound Embedding
feat_0573,float,,Feature 573 for the Ersilia Compound Embedding
feat_0574,float,,Feature 574 for the Ersilia Compound Embedding
feat_0575,float,,Feature 575 for the Ersilia Compound Embedding
feat_0576,float,,Feature 576 for the Ersilia Compound Embedding
feat_0577,float,,Feature 577 for the Ersilia Compound Embedding
feat_0578,float,,Feature 578 for the Ersilia Compound Embedding
feat_0579,float,,Feature 579 for the Ersilia Compound Embedding
feat_0580,float,,Feature 580 for the Ersilia Compound Embedding
feat_0581,float,,Feature 581 for the Ersilia Compound Embedding
feat_0582,float,,Feature 582 for the Ersilia Compound Embedding
feat_0583,float,,Feature 583 for the Ersilia Compound Embedding
feat_0584,float,,Feature 584 for the Ersilia Compound Embedding
feat_0585,float,,Feature 585 for the Ersilia Compound Embedding
feat_0586,float,,Feature 586 for the Ersilia Compound Embedding
feat_0587,float,,Feature 587 for the Ersilia Compound Embedding
feat_0588,float,,Feature 588 for the Ersilia Compound Embedding
feat_0589,float,,Feature 589 for the Ersilia Compound Embedding
feat_0590,float,,Feature 590 for the Ersilia Compound Embedding
feat_0591,float,,Feature 591 for the Ersilia Compound Embedding
feat_0592,float,,Feature 592 for the Ersilia Compound Embedding
feat_0593,float,,Feature 593 for the Ersilia Compound Embedding
feat_0594,float,,Feature 594 for the Ersilia Compound Embedding
feat_0595,float,,Feature 595 for the Ersilia Compound Embedding
feat_0596,float,,Feature 596 for the Ersilia Compound Embedding
feat_0597,float,,Feature 597 for the Ersilia Compound Embedding
feat_0598,float,,Feature 598 for the Ersilia Compound Embedding
feat_0599,float,,Feature 599 for the Ersilia Compound Embedding
feat_0600,float,,Feature 600 for the Ersilia Compound Embedding
feat_0601,float,,Feature 601 for the Ersilia Compound Embedding
feat_0602,float,,Feature 602 for the Ersilia Compound Embedding
feat_0603,float,,Feature 603 for the Ersilia Compound Embedding
feat_0604,float,,Feature 604 for the Ersilia Compound Embedding
feat_0605,float,,Feature 605 for the Ersilia Compound Embedding
feat_0606,float,,Feature 606 for the Ersilia Compound Embedding
feat_0607,float,,Feature 607 for the Ersilia Compound Embedding
feat_0608,float,,Feature 608 for the Ersilia Compound Embedding
feat_0609,float,,Feature 609 for the Ersilia Compound Embedding
feat_0610,float,,Feature 610 for the Ersilia Compound Embedding
feat_0611,float,,Feature 611 for the Ersilia Compound Embedding
feat_0612,float,,Feature 612 for the Ersilia Compound Embedding
feat_0613,float,,Feature 613 for the Ersilia Compound Embedding
feat_0614,float,,Feature 614 for the Ersilia Compound Embedding
feat_0615,float,,Feature 615 for the Ersilia Compound Embedding
feat_0616,float,,Feature 616 for the Ersilia Compound Embedding
feat_0617,float,,Feature 617 for the Ersilia Compound Embedding
feat_0618,float,,Feature 618 for the Ersilia Compound Embedding
feat_0619,float,,Feature 619 for the Ersilia Compound Embedding
feat_0620,float,,Feature 620 for the Ersilia Compound Embedding
feat_0621,float,,Feature 621 for the Ersilia Compound Embedding
feat_0622,float,,Feature 622 for the Ersilia Compound Embedding
feat_0623,float,,Feature 623 for the Ersilia Compound Embedding
feat_0624,float,,Feature 624 for the Ersilia Compound Embedding
feat_0625,float,,Feature 625 for the Ersilia Compound Embedding
feat_0626,float,,Feature 626 for the Ersilia Compound Embedding
feat_0627,float,,Feature 627 for the Ersilia Compound Embedding
feat_0628,float,,Feature 628 for the Ersilia Compound Embedding
feat_0629,float,,Feature 629 for the Ersilia Compound Embedding
feat_0630,float,,Feature 630 for the Ersilia Compound Embedding
feat_0631,float,,Feature 631 for the Ersilia Compound Embedding
feat_0632,float,,Feature 632 for the Ersilia Compound Embedding
feat_0633,float,,Feature 633 for the Ersilia Compound Embedding
feat_0634,float,,Feature 634 for the Ersilia Compound Embedding
feat_0635,float,,Feature 635 for the Ersilia Compound Embedding
feat_0636,float,,Feature 636 for the Ersilia Compound Embedding
feat_0637,float,,Feature 637 for the Ersilia Compound Embedding
feat_0638,float,,Feature 638 for the Ersilia Compound Embedding
feat_0639,float,,Feature 639 for the Ersilia Compound Embedding
feat_0640,float,,Feature 640 for the Ersilia Compound Embedding
feat_0641,float,,Feature 641 for the Ersilia Compound Embedding
feat_0642,float,,Feature 642 for the Ersilia Compound Embedding
feat_0643,float,,Feature 643 for the Ersilia Compound Embedding
feat_0644,float,,Feature 644 for the Ersilia Compound Embedding
feat_0645,float,,Feature 645 for the Ersilia Compound Embedding
feat_0646,float,,Feature 646 for the Ersilia Compound Embedding
feat_0647,float,,Feature 647 for the Ersilia Compound Embedding
feat_0648,float,,Feature 648 for the Ersilia Compound Embedding
feat_0649,float,,Feature 649 for the Ersilia Compound Embedding
feat_0650,float,,Feature 650 for the Ersilia Compound Embedding
feat_0651,float,,Feature 651 for the Ersilia Compound Embedding
feat_0652,float,,Feature 652 for the Ersilia Compound Embedding
feat_0653,float,,Feature 653 for the Ersilia Compound Embedding
feat_0654,float,,Feature 654 for the Ersilia Compound Embedding
feat_0655,float,,Feature 655 for the Ersilia Compound Embedding
feat_0656,float,,Feature 656 for the Ersilia Compound Embedding
feat_0657,float,,Feature 657 for the Ersilia Compound Embedding
feat_0658,float,,Feature 658 for the Ersilia Compound Embedding
feat_0659,float,,Feature 659 for the Ersilia Compound Embedding
feat_0660,float,,Feature 660 for the Ersilia Compound Embedding
feat_0661,float,,Feature 661 for the Ersilia Compound Embedding
feat_0662,float,,Feature 662 for the Ersilia Compound Embedding
feat_0663,float,,Feature 663 for the Ersilia Compound Embedding
feat_0664,float,,Feature 664 for the Ersilia Compound Embedding
feat_0665,float,,Feature 665 for the Ersilia Compound Embedding
feat_0666,float,,Feature 666 for the Ersilia Compound Embedding
feat_0667,float,,Feature 667 for the Ersilia Compound Embedding
feat_0668,float,,Feature 668 for the Ersilia Compound Embedding
feat_0669,float,,Feature 669 for the Ersilia Compound Embedding
feat_0670,float,,Feature 670 for the Ersilia Compound Embedding
feat_0671,float,,Feature 671 for the Ersilia Compound Embedding
feat_0672,float,,Feature 672 for the Ersilia Compound Embedding
feat_0673,float,,Feature 673 for the Ersilia Compound Embedding
feat_0674,float,,Feature 674 for the Ersilia Compound Embedding
feat_0675,float,,Feature 675 for the Ersilia Compound Embedding
feat_0676,float,,Feature 676 for the Ersilia Compound Embedding
feat_0677,float,,Feature 677 for the Ersilia Compound Embedding
feat_0678,float,,Feature 678 for the Ersilia Compound Embedding
feat_0679,float,,Feature 679 for the Ersilia Compound Embedding
feat_0680,float,,Feature 680 for the Ersilia Compound Embedding
feat_0681,float,,Feature 681 for the Ersilia Compound Embedding
feat_0682,float,,Feature 682 for the Ersilia Compound Embedding
feat_0683,float,,Feature 683 for the Ersilia Compound Embedding
feat_0684,float,,Feature 684 for the Ersilia Compound Embedding
feat_0685,float,,Feature 685 for the Ersilia Compound Embedding
feat_0686,float,,Feature 686 for the Ersilia Compound Embedding
feat_0687,float,,Feature 687 for the Ersilia Compound Embedding
feat_0688,float,,Feature 688 for the Ersilia Compound Embedding
feat_0689,float,,Feature 689 for the Ersilia Compound Embedding
feat_0690,float,,Feature 690 for the Ersilia Compound Embedding
feat_0691,float,,Feature 691 for the Ersilia Compound Embedding
feat_0692,float,,Feature 692 for the Ersilia Compound Embedding
feat_0693,float,,Feature 693 for the Ersilia Compound Embedding
feat_0694,float,,Feature 694 for the Ersilia Compound Embedding
feat_0695,float,,Feature 695 for the Ersilia Compound Embedding
feat_0696,float,,Feature 696 for the Ersilia Compound Embedding
feat_0697,float,,Feature 697 for the Ersilia Compound Embedding
feat_0698,float,,Feature 698 for the Ersilia Compound Embedding
feat_0699,float,,Feature 699 for the Ersilia Compound Embedding
feat_0700,float,,Feature 700 for the Ersilia Compound Embedding
feat_0701,float,,Feature 701 for the Ersilia Compound Embedding
feat_0702,float,,Feature 702 for the Ersilia Compound Embedding
feat_0703,float,,Feature 703 for the Ersilia Compound Embedding
feat_0704,float,,Feature 704 for the Ersilia Compound Embedding
feat_0705,float,,Feature 705 for the Ersilia Compound Embedding
feat_0706,float,,Feature 706 for the Ersilia Compound Embedding
feat_0707,float,,Feature 707 for the Ersilia Compound Embedding
feat_0708,float,,Feature 708 for the Ersilia Compound Embedding
feat_0709,float,,Feature 709 for the Ersilia Compound Embedding
feat_0710,float,,Feature 710 for the Ersilia Compound Embedding
feat_0711,float,,Feature 711 for the Ersilia Compound Embedding
feat_0712,float,,Feature 712 for the Ersilia Compound Embedding
feat_0713,float,,Feature 713 for the Ersilia Compound Embedding
feat_0714,float,,Feature 714 for the Ersilia Compound Embedding
feat_0715,float,,Feature 715 for the Ersilia Compound Embedding
feat_0716,float,,Feature 716 for the Ersilia Compound Embedding
feat_0717,float,,Feature 717 for the Ersilia Compound Embedding
feat_0718,float,,Feature 718 for the Ersilia Compound Embedding
feat_0719,float,,Feature 719 for the Ersilia Compound Embedding
feat_0720,float,,Feature 720 for the Ersilia Compound Embedding
feat_0721,float,,Feature 721 for the Ersilia Compound Embedding
feat_0722,float,,Feature 722 for the Ersilia Compound Embedding
feat_0723,float,,Feature 723 for the Ersilia Compound Embedding
feat_0724,float,,Feature 724 for the Ersilia Compound Embedding
feat_0725,float,,Feature 725 for the Ersilia Compound Embedding
feat_0726,float,,Feature 726 for the Ersilia Compound Embedding
feat_0727,float,,Feature 727 for the Ersilia Compound Embedding
feat_0728,float,,Feature 728 for the Ersilia Compound Embedding
feat_0729,float,,Feature 729 for the Ersilia Compound Embedding
feat_0730,float,,Feature 730 for the Ersilia Compound Embedding
feat_0731,float,,Feature 731 for the Ersilia Compound Embedding
feat_0732,float,,Feature 732 for the Ersilia Compound Embedding
feat_0733,float,,Feature 733 for the Ersilia Compound Embedding
feat_0734,float,,Feature 734 for the Ersilia Compound Embedding
feat_0735,float,,Feature 735 for the Ersilia Compound Embedding
feat_0736,float,,Feature 736 for the Ersilia Compound Embedding
feat_0737,float,,Feature 737 for the Ersilia Compound Embedding
feat_0738,float,,Feature 738 for the Ersilia Compound Embedding
feat_0739,float,,Feature 739 for the Ersilia Compound Embedding
feat_0740,float,,Feature 740 for the Ersilia Compound Embedding
feat_0741,float,,Feature 741 for the Ersilia Compound Embedding
feat_0742,float,,Feature 742 for the Ersilia Compound Embedding
feat_0743,float,,Feature 743 for the Ersilia Compound Embedding
feat_0744,float,,Feature 744 for the Ersilia Compound Embedding
feat_0745,float,,Feature 745 for the Ersilia Compound Embedding
feat_0746,float,,Feature 746 for the Ersilia Compound Embedding
feat_0747,float,,Feature 747 for the Ersilia Compound Embedding
feat_0748,float,,Feature 748 for the Ersilia Compound Embedding
feat_0749,float,,Feature 749 for the Ersilia Compound Embedding
feat_0750,float,,Feature 750 for the Ersilia Compound Embedding
feat_0751,float,,Feature 751 for the Ersilia Compound Embedding
feat_0752,float,,Feature 752 for the Ersilia Compound Embedding
feat_0753,float,,Feature 753 for the Ersilia Compound Embedding
feat_0754,float,,Feature 754 for the Ersilia Compound Embedding
feat_0755,float,,Feature 755 for the Ersilia Compound Embedding
feat_0756,float,,Feature 756 for the Ersilia Compound Embedding
feat_0757,float,,Feature 757 for the Ersilia Compound Embedding
feat_0758,float,,Feature 758 for the Ersilia Compound Embedding
feat_0759,float,,Feature 759 for the Ersilia Compound Embedding
feat_0760,float,,Feature 760 for the Ersilia Compound Embedding
feat_0761,float,,Feature 761 for the Ersilia Compound Embedding
feat_0762,float,,Feature 762 for the Ersilia Compound Embedding
feat_0763,float,,Feature 763 for the Ersilia Compound Embedding
feat_0764,float,,Feature 764 for the Ersilia Compound Embedding
feat_0765,float,,Feature 765 for the Ersilia Compound Embedding
feat_0766,float,,Feature 766 for the Ersilia Compound Embedding
feat_0767,float,,Feature 767 for the Ersilia Compound Embedding
feat_0768,float,,Feature 768 for the Ersilia Compound Embedding
feat_0769,float,,Feature 769 for the Ersilia Compound Embedding
feat_0770,float,,Feature 770 for the Ersilia Compound Embedding
feat_0771,float,,Feature 771 for the Ersilia Compound Embedding
feat_0772,float,,Feature 772 for the Ersilia Compound Embedding
feat_0773,float,,Feature 773 for the Ersilia Compound Embedding
feat_0774,float,,Feature 774 for the Ersilia Compound Embedding
feat_0775,float,,Feature 775 for the Ersilia Compound Embedding
feat_0776,float,,Feature 776 for the Ersilia Compound Embedding
feat_0777,float,,Feature 777 for the Ersilia Compound Embedding
feat_0778,float,,Feature 778 for the Ersilia Compound Embedding
feat_0779,float,,Feature 779 for the Ersilia Compound Embedding
feat_0780,float,,Feature 780 for the Ersilia Compound Embedding
feat_0781,float,,Feature 781 for the Ersilia Compound Embedding
feat_0782,float,,Feature 782 for the Ersilia Compound Embedding
feat_0783,float,,Feature 783 for the Ersilia Compound Embedding
feat_0784,float,,Feature 784 for the Ersilia Compound Embedding
feat_0785,float,,Feature 785 for the Ersilia Compound Embedding
feat_0786,float,,Feature 786 for the Ersilia Compound Embedding
feat_0787,float,,Feature 787 for the Ersilia Compound Embedding
feat_0788,float,,Feature 788 for the Ersilia Compound Embedding
feat_0789,float,,Feature 789 for the Ersilia Compound Embedding
feat_0790,float,,Feature 790 for the Ersilia Compound Embedding
feat_0791,float,,Feature 791 for the Ersilia Compound Embedding
feat_0792,float,,Feature 792 for the Ersilia Compound Embedding
feat_0793,float,,Feature 793 for the Ersilia Compound Embedding
feat_0794,float,,Feature 794 for the Ersilia Compound Embedding
feat_0795,float,,Feature 795 for the Ersilia Compound Embedding
feat_0796,float,,Feature 796 for the Ersilia Compound Embedding
feat_0797,float,,Feature 797 for the Ersilia Compound Embedding
feat_0798,float,,Feature 798 for the Ersilia Compound Embedding
feat_0799,float,,Feature 799 for the Ersilia Compound Embedding
feat_0800,float,,Feature 800 for the Ersilia Compound Embedding
feat_0801,float,,Feature 801 for the Ersilia Compound Embedding
feat_0802,float,,Feature 802 for the Ersilia Compound Embedding
feat_0803,float,,Feature 803 for the Ersilia Compound Embedding
feat_0804,float,,Feature 804 for the Ersilia Compound Embedding
feat_0805,float,,Feature 805 for the Ersilia Compound Embedding
feat_0806,float,,Feature 806 for the Ersilia Compound Embedding
feat_0807,float,,Feature 807 for the Ersilia Compound Embedding
feat_0808,float,,Feature 808 for the Ersilia Compound Embedding
feat_0809,float,,Feature 809 for the Ersilia Compound Embedding
feat_0810,float,,Feature 810 for the Ersilia Compound Embedding
feat_0811,float,,Feature 811 for the Ersilia Compound Embedding
feat_0812,float,,Feature 812 for the Ersilia Compound Embedding
feat_0813,float,,Feature 813 for the Ersilia Compound Embedding
feat_0814,float,,Feature 814 for the Ersilia Compound Embedding
feat_0815,float,,Feature 815 for the Ersilia Compound Embedding
feat_0816,float,,Feature 816 for the Ersilia Compound Embedding
feat_0817,float,,Feature 817 for the Ersilia Compound Embedding
feat_0818,float,,Feature 818 for the Ersilia Compound Embedding
feat_0819,float,,Feature 819 for the Ersilia Compound Embedding
feat_0820,float,,Feature 820 for the Ersilia Compound Embedding
feat_0821,float,,Feature 821 for the Ersilia Compound Embedding
feat_0822,float,,Feature 822 for the Ersilia Compound Embedding
feat_0823,float,,Feature 823 for the Ersilia Compound Embedding
feat_0824,float,,Feature 824 for the Ersilia Compound Embedding
feat_0825,float,,Feature 825 for the Ersilia Compound Embedding
feat_0826,float,,Feature 826 for the Ersilia Compound Embedding
feat_0827,float,,Feature 827 for the Ersilia Compound Embedding
feat_0828,float,,Feature 828 for the Ersilia Compound Embedding
feat_0829,float,,Feature 829 for the Ersilia Compound Embedding
feat_0830,float,,Feature 830 for the Ersilia Compound Embedding
feat_0831,float,,Feature 831 for the Ersilia Compound Embedding
feat_0832,float,,Feature 832 for the Ersilia Compound Embedding
feat_0833,float,,Feature 833 for the Ersilia Compound Embedding
feat_0834,float,,Feature 834 for the Ersilia Compound Embedding
feat_0835,float,,Feature 835 for the Ersilia Compound Embedding
feat_0836,float,,Feature 836 for the Ersilia Compound Embedding
feat_0837,float,,Feature 837 for the Ersilia Compound Embedding
feat_0838,float,,Feature 838 for the Ersilia Compound Embedding
feat_0839,float,,Feature 839 for the Ersilia Compound Embedding
feat_0840,float,,Feature 840 for the Ersilia Compound Embedding
feat_0841,float,,Feature 841 for the Ersilia Compound Embedding
feat_0842,float,,Feature 842 for the Ersilia Compound Embedding
feat_0843,float,,Feature 843 for the Ersilia Compound Embedding
feat_0844,float,,Feature 844 for the Ersilia Compound Embedding
feat_0845,float,,Feature 845 for the Ersilia Compound Embedding
feat_0846,float,,Feature 846 for the Ersilia Compound Embedding
feat_0847,float,,Feature 847 for the Ersilia Compound Embedding
feat_0848,float,,Feature 848 for the Ersilia Compound Embedding
feat_0849,float,,Feature 849 for the Ersilia Compound Embedding
feat_0850,float,,Feature 850 for the Ersilia Compound Embedding
feat_0851,float,,Feature 851 for the Ersilia Compound Embedding
feat_0852,float,,Feature 852 for the Ersilia Compound Embedding
feat_0853,float,,Feature 853 for the Ersilia Compound Embedding
feat_0854,float,,Feature 854 for the Ersilia Compound Embedding
feat_0855,float,,Feature 855 for the Ersilia Compound Embedding
feat_0856,float,,Feature 856 for the Ersilia Compound Embedding
feat_0857,float,,Feature 857 for the Ersilia Compound Embedding
feat_0858,float,,Feature 858 for the Ersilia Compound Embedding
feat_0859,float,,Feature 859 for the Ersilia Compound Embedding
feat_0860,float,,Feature 860 for the Ersilia Compound Embedding
feat_0861,float,,Feature 861 for the Ersilia Compound Embedding
feat_0862,float,,Feature 862 for the Ersilia Compound Embedding
feat_0863,float,,Feature 863 for the Ersilia Compound Embedding
feat_0864,float,,Feature 864 for the Ersilia Compound Embedding
feat_0865,float,,Feature 865 for the Ersilia Compound Embedding
feat_0866,float,,Feature 866 for the Ersilia Compound Embedding
feat_0867,float,,Feature 867 for the Ersilia Compound Embedding
feat_0868,float,,Feature 868 for the Ersilia Compound Embedding
feat_0869,float,,Feature 869 for the Ersilia Compound Embedding
feat_0870,float,,Feature 870 for the Ersilia Compound Embedding
feat_0871,float,,Feature 871 for the Ersilia Compound Embedding
feat_0872,float,,Feature 872 for the Ersilia Compound Embedding
feat_0873,float,,Feature 873 for the Ersilia Compound Embedding
feat_0874,float,,Feature 874 for the Ersilia Compound Embedding
feat_0875,float,,Feature 875 for the Ersilia Compound Embedding
feat_0876,float,,Feature 876 for the Ersilia Compound Embedding
feat_0877,float,,Feature 877 for the Ersilia Compound Embedding
feat_0878,float,,Feature 878 for the Ersilia Compound Embedding
feat_0879,float,,Feature 879 for the Ersilia Compound Embedding
feat_0880,float,,Feature 880 for the Ersilia Compound Embedding
feat_0881,float,,Feature 881 for the Ersilia Compound Embedding
feat_0882,float,,Feature 882 for the Ersilia Compound Embedding
feat_0883,float,,Feature 883 for the Ersilia Compound Embedding
feat_0884,float,,Feature 884 for the Ersilia Compound Embedding
feat_0885,float,,Feature 885 for the Ersilia Compound Embedding
feat_0886,float,,Feature 886 for the Ersilia Compound Embedding
feat_0887,float,,Feature 887 for the Ersilia Compound Embedding
feat_0888,float,,Feature 888 for the Ersilia Compound Embedding
feat_0889,float,,Feature 889 for the Ersilia Compound Embedding
feat_0890,float,,Feature 890 for the Ersilia Compound Embedding
feat_0891,float,,Feature 891 for the Ersilia Compound Embedding
feat_0892,float,,Feature 892 for the Ersilia Compound Embedding
feat_0893,float,,Feature 893 for the Ersilia Compound Embedding
feat_0894,float,,Feature 894 for the Ersilia Compound Embedding
feat_0895,float,,Feature 895 for the Ersilia Compound Embedding
feat_0896,float,,Feature 896 for the Ersilia Compound Embedding
feat_0897,float,,Feature 897 for the Ersilia Compound Embedding
feat_0898,float,,Feature 898 for the Ersilia Compound Embedding
feat_0899,float,,Feature 899 for the Ersilia Compound Embedding
feat_0900,float,,Feature 900 for the Ersilia Compound Embedding
feat_0901,float,,Feature 901 for the Ersilia Compound Embedding
feat_0902,float,,Feature 902 for the Ersilia Compound Embedding
feat_0903,float,,Feature 903 for the Ersilia Compound Embedding
feat_0904,float,,Feature 904 for the Ersilia Compound Embedding
feat_0905,float,,Feature 905 for the Ersilia Compound Embedding
feat_0906,float,,Feature 906 for the Ersilia Compound Embedding
feat_0907,float,,Feature 907 for the Ersilia Compound Embedding
feat_0908,float,,Feature 908 for the Ersilia Compound Embedding
feat_0909,float,,Feature 909 for the Ersilia Compound Embedding
feat_0910,float,,Feature 910 for the Ersilia Compound Embedding
feat_0911,float,,Feature 911 for the Ersilia Compound Embedding
feat_0912,float,,Feature 912 for the Ersilia Compound Embedding
feat_0913,float,,Feature 913 for the Ersilia Compound Embedding
feat_0914,float,,Feature 914 for the Ersilia Compound Embedding
feat_0915,float,,Feature 915 for the Ersilia Compound Embedding
feat_0916,float,,Feature 916 for the Ersilia Compound Embedding
feat_0917,float,,Feature 917 for the Ersilia Compound Embedding
feat_0918,float,,Feature 918 for the Ersilia Compound Embedding
feat_0919,float,,Feature 919 for the Ersilia Compound Embedding
feat_0920,float,,Feature 920 for the Ersilia Compound Embedding
feat_0921,float,,Feature 921 for the Ersilia Compound Embedding
feat_0922,float,,Feature 922 for the Ersilia Compound Embedding
feat_0923,float,,Feature 923 for the Ersilia Compound Embedding
feat_0924,float,,Feature 924 for the Ersilia Compound Embedding
feat_0925,float,,Feature 925 for the Ersilia Compound Embedding
feat_0926,float,,Feature 926 for the Ersilia Compound Embedding
feat_0927,float,,Feature 927 for the Ersilia Compound Embedding
feat_0928,float,,Feature 928 for the Ersilia Compound Embedding
feat_0929,float,,Feature 929 for the Ersilia Compound Embedding
feat_0930,float,,Feature 930 for the Ersilia Compound Embedding
feat_0931,float,,Feature 931 for the Ersilia Compound Embedding
feat_0932,float,,Feature 932 for the Ersilia Compound Embedding
feat_0933,float,,Feature 933 for the Ersilia Compound Embedding
feat_0934,float,,Feature 934 for the Ersilia Compound Embedding
feat_0935,float,,Feature 935 for the Ersilia Compound Embedding
feat_0936,float,,Feature 936 for the Ersilia Compound Embedding
feat_0937,float,,Feature 937 for the Ersilia Compound Embedding
feat_0938,float,,Feature 938 for the Ersilia Compound Embedding
feat_0939,float,,Feature 939 for the Ersilia Compound Embedding
feat_0940,float,,Feature 940 for the Ersilia Compound Embedding
feat_0941,float,,Feature 941 for the Ersilia Compound Embedding
feat_0942,float,,Feature 942 for the Ersilia Compound Embedding
feat_0943,float,,Feature 943 for the Ersilia Compound Embedding
feat_0944,float,,Feature 944 for the Ersilia Compound Embedding
feat_0945,float,,Feature 945 for the Ersilia Compound Embedding
feat_0946,float,,Feature 946 for the Ersilia Compound Embedding
feat_0947,float,,Feature 947 for the Ersilia Compound Embedding
feat_0948,float,,Feature 948 for the Ersilia Compound Embedding
feat_0949,float,,Feature 949 for the Ersilia Compound Embedding
feat_0950,float,,Feature 950 for the Ersilia Compound Embedding
feat_0951,float,,Feature 951 for the Ersilia Compound Embedding
feat_0952,float,,Feature 952 for the Ersilia Compound Embedding
feat_0953,float,,Feature 953 for the Ersilia Compound Embedding
feat_0954,float,,Feature 954 for the Ersilia Compound Embedding
feat_0955,float,,Feature 955 for the Ersilia Compound Embedding
feat_0956,float,,Feature 956 for the Ersilia Compound Embedding
feat_0957,float,,Feature 957 for the Ersilia Compound Embedding
feat_0958,float,,Feature 958 for the Ersilia Compound Embedding
feat_0959,float,,Feature 959 for the Ersilia Compound Embedding
feat_0960,float,,Feature 960 for the Ersilia Compound Embedding
feat_0961,float,,Feature 961 for the Ersilia Compound Embedding
feat_0962,float,,Feature 962 for the Ersilia Compound Embedding
feat_0963,float,,Feature 963 for the Ersilia Compound Embedding
feat_0964,float,,Feature 964 for the Ersilia Compound Embedding
feat_0965,float,,Feature 965 for the Ersilia Compound Embedding
feat_0966,float,,Feature 966 for the Ersilia Compound Embedding
feat_0967,float,,Feature 967 for the Ersilia Compound Embedding
feat_0968,float,,Feature 968 for the Ersilia Compound Embedding
feat_0969,float,,Feature 969 for the Ersilia Compound Embedding
feat_0970,float,,Feature 970 for the Ersilia Compound Embedding
feat_0971,float,,Feature 971 for the Ersilia Compound Embedding
feat_0972,float,,Feature 972 for the Ersilia Compound Embedding
feat_0973,float,,Feature 973 for the Ersilia Compound Embedding
feat_0974,float,,Feature 974 for the Ersilia Compound Embedding
feat_0975,float,,Feature 975 for the Ersilia Compound Embedding
feat_0976,float,,Feature 976 for the Ersilia Compound Embedding
feat_0977,float,,Feature 977 for the Ersilia Compound Embedding
feat_0978,float,,Feature 978 for the Ersilia Compound Embedding
feat_0979,float,,Feature 979 for the Ersilia Compound Embedding
feat_0980,float,,Feature 980 for the Ersilia Compound Embedding
feat_0981,float,,Feature 981 for the Ersilia Compound Embedding
feat_0982,float,,Feature 982 for the Ersilia Compound Embedding
feat_0983,float,,Feature 983 for the Ersilia Compound Embedding
feat_0984,float,,Feature 984 for the Ersilia Compound Embedding
feat_0985,float,,Feature 985 for the Ersilia Compound Embedding
feat_0986,float,,Feature 986 for the Ersilia Compound Embedding
feat_0987,float,,Feature 987 for the Ersilia Compound Embedding
feat_0988,float,,Feature 988 for the Ersilia Compound Embedding
feat_0989,float,,Feature 989 for the Ersilia Compound Embedding
feat_0990,float,,Feature 990 for the Ersilia Compound Embedding
feat_0991,float,,Feature 991 for the Ersilia Compound Embedding
feat_0992,float,,Feature 992 for the Ersilia Compound Embedding
feat_0993,float,,Feature 993 for the Ersilia Compound Embedding
feat_0994,float,,Feature 994 for the Ersilia Compound Embedding
feat_0995,float,,Feature 995 for the Ersilia Compound Embedding
feat_0996,float,,Feature 996 for the Ersilia Compound Embedding
feat_0997,float,,Feature 997 for the Ersilia Compound Embedding
feat_0998,float,,Feature 998 for the Ersilia Compound Embedding
feat_0999,float,,Feature 999 for the Ersilia Compound Embedding
feat_1000,float,,Feature 1000 for the Ersilia Compound Embedding
feat_1001,float,,Feature 1001 for the Ersilia Compound Embedding
feat_1002,float,,Feature 1002 for the Ersilia Compound Embedding
feat_1003,float,,Feature 1003 for the Ersilia Compound Embedding
feat_1004,float,,Feature 1004 for the Ersilia Compound Embedding
feat_1005,float,,Feature 1005 for the Ersilia Compound Embedding
feat_1006,float,,Feature 1006 for the Ersilia Compound Embedding
feat_1007,float,,Feature 1007 for the Ersilia Compound Embedding
feat_1008,float,,Feature 1008 for the Ersilia Compound Embedding
feat_1009,float,,Feature 1009 for the Ersilia Compound Embedding
feat_1010,float,,Feature 1010 for the Ersilia Compound Embedding
feat_1011,float,,Feature 1011 for the Ersilia Compound Embedding
feat_1012,float,,Feature 1012 for the Ersilia Compound Embedding
feat_1013,float,,Feature 1013 for the Ersilia Compound Embedding
feat_1014,float,,Feature 1014 for the Ersilia Compound Embedding
feat_1015,float,,Feature 1015 for the Ersilia Compound Embedding
feat_1016,float,,Feature 1016 for the Ersilia Compound Embedding
feat_1017,float,,Feature 1017 for the Ersilia Compound Embedding
feat_1018,float,,Feature 1018 for the Ersilia Compound Embedding
feat_1019,float,,Feature 1019 for the Ersilia Compound Embedding
feat_1020,float,,Feature 1020 for the Ersilia Compound Embedding
feat_1021,float,,Feature 1021 for the Ersilia Compound Embedding
feat_1022,float,,Feature 1022 for the Ersilia Compound Embedding
feat_1023,float,,Feature 1023 for the Ersilia Compound Embedding
